{
  "Ansi 6 Color" : {
    "Green Component" : 0.5764705882352941,
    "Red Component" : 0.1725490196078431,
    "Blue Component" : 0.4392156862745098
  },
  "Tags" : [

  ],
  "Ansi 12 Color" : {
    "Green Component" : 0.4901960784313725,
    "Red Component" : 0.2352941176470588,
    "Blue Component" : 0.8235294117647058
  },
  "Ansi 0 Color" : {
    "Green Component" : 0.1764705882352941,
    "Red Component" : 0.1333333333333333,
    "Blue Component" : 0.2470588235294118
  },
  "Normal Font" : "FiraMonoForPowerline-Regular 12",
  "Bold Color" : {
    "Green Component" : 0.9254901960784314,
    "Red Component" : 0.9058823529411765,
    "Blue Component" : 0.9294117647058824
  },
  "Ansi 2 Color" : {
    "Green Component" : 0.6470588235294118,
    "Red Component" : 0.196078431372549,
    "Blue Component" : 0.2823529411764706
  },
  "Ansi 4 Color" : {
    "Green Component" : 0.403921568627451,
    "Red Component" : 0.1921568627450981,
    "Blue Component" : 0.6745098039215687
  },
  "Ansi 3 Color" : {
    "Green Component" : 0.5529411764705883,
    "Red Component" : 0.8980392156862745,
    "Blue Component" : 0.06666666666666667
  },
  "Rows" : 20,
  "Default Bookmark" : "No",
  "Cursor Guide Color" : {
    "Red Component" : 0.65,
    "Color Space" : "Calibrated",
    "Blue Component" : 1,
    "Alpha Component" : 0.25,
    "Green Component" : 0.91
  },
  "Non-ASCII Anti Aliased" : true,
  "Use Bright Bold" : true,
  "Ansi 10 Color" : {
    "Green Component" : 0.5803921568627451,
    "Red Component" : 0.1764705882352941,
    "Blue Component" : 0.2509803921568627
  },
  "Ambiguous Double Width" : false,
  "Jobs to Ignore" : [
    "rlogin",
    "ssh",
    "slogin",
    "telnet"
  ],
  "Ansi 15 Color" : {
    "Green Component" : 0.9254901960784314,
    "Red Component" : 0.9058823529411765,
    "Blue Component" : 0.9294117647058824
  },
  "Foreground Color" : {
    "Green Component" : 0.7725490196078432,
    "Red Component" : 0.1725490196078431,
    "Blue Component" : 0.3647058823529412
  },
  "Bound Hosts" : [

  ],
  "Working Directory" : "\/Users\/zaci",
  "Blinking Cursor" : false,
  "Disable Window Resizing" : true,
  "Sync Title" : false,
  "Prompt Before Closing 2" : false,
  "BM Growl" : true,
  "Command" : "",
  "Description" : "Default",
  "Mouse Reporting" : true,
  "Screen" : 1,
  "Selection Color" : {
    "Green Component" : 0.1686274509803922,
    "Red Component" : 0.4745098039215686,
    "Blue Component" : 0.611764705882353
  },
  "Columns" : 80,
  "Idle Code" : 0,
  "Hide After Opening" : false,
  "Ansi 13 Color" : {
    "Green Component" : 0.1882352941176471,
    "Red Component" : 0.5098039215686274,
    "Blue Component" : 0.6549019607843137
  },
  "Custom Command" : "No",
  "ASCII Anti Aliased" : true,
  "Non Ascii Font" : "Monaco 12",
  "Vertical Spacing" : 1,
  "Use Bold Font" : true,
  "Option Key Sends" : 0,
  "Selected Text Color" : {
    "Green Component" : 1,
    "Red Component" : 1,
    "Blue Component" : 1
  },
  "Background Color" : {
    "Green Component" : 0.1333333402872086,
    "Red Component" : 0,
    "Blue Component" : 0.250980406999588
  },
  "Character Encoding" : 4,
  "Ansi 11 Color" : {
    "Green Component" : 0.7450980392156863,
    "Red Component" : 0.8980392156862745,
    "Blue Component" : 0.04705882352941176
  },
  "Use Italic Font" : true,
  "Unlimited Scrollback" : false,
  "Keyboard Map" : {
    "0xf700-0x260000" : {
      "Text" : "[1;6A",
      "Action" : 10
    },
    "0x37-0x40000" : {
      "Text" : "0x1f",
      "Action" : 11
    },
    "0x32-0x40000" : {
      "Text" : "0x00",
      "Action" : 11
    },
    "0xf709-0x20000" : {
      "Text" : "[17;2~",
      "Action" : 10
    },
    "0xf70c-0x20000" : {
      "Text" : "[20;2~",
      "Action" : 10
    },
    "0xf729-0x20000" : {
      "Text" : "[1;2H",
      "Action" : 10
    },
    "0xf72b-0x40000" : {
      "Text" : "[1;5F",
      "Action" : 10
    },
    "0xf705-0x20000" : {
      "Text" : "[1;2Q",
      "Action" : 10
    },
    "0xf703-0x260000" : {
      "Text" : "[1;6C",
      "Action" : 10
    },
    "0xf700-0x220000" : {
      "Text" : "[1;2A",
      "Action" : 10
    },
    "0xf701-0x280000" : {
      "Text" : "0x1b 0x1b 0x5b 0x42",
      "Action" : 11
    },
    "0x38-0x40000" : {
      "Text" : "0x7f",
      "Action" : 11
    },
    "0x33-0x40000" : {
      "Text" : "0x1b",
      "Action" : 11
    },
    "0xf703-0x220000" : {
      "Text" : "[1;2C",
      "Action" : 10
    },
    "0xf701-0x240000" : {
      "Text" : "[1;5B",
      "Action" : 10
    },
    "0xf70d-0x20000" : {
      "Text" : "[21;2~",
      "Action" : 10
    },
    "0xf702-0x260000" : {
      "Text" : "[1;6D",
      "Action" : 10
    },
    "0xf729-0x40000" : {
      "Text" : "[1;5H",
      "Action" : 10
    },
    "0xf706-0x20000" : {
      "Text" : "[1;2R",
      "Action" : 10
    },
    "0x34-0x40000" : {
      "Text" : "0x1c",
      "Action" : 11
    },
    "0xf700-0x280000" : {
      "Text" : "0x1b 0x1b 0x5b 0x41",
      "Action" : 11
    },
    "0x2d-0x40000" : {
      "Text" : "0x1f",
      "Action" : 11
    },
    "0xf70e-0x20000" : {
      "Text" : "[23;2~",
      "Action" : 10
    },
    "0xf702-0x220000" : {
      "Text" : "[1;2D",
      "Action" : 10
    },
    "0xf703-0x280000" : {
      "Text" : "0x1b 0x1b 0x5b 0x43",
      "Action" : 11
    },
    "0xf700-0x240000" : {
      "Text" : "[1;5A",
      "Action" : 10
    },
    "0xf707-0x20000" : {
      "Text" : "[1;2S",
      "Action" : 10
    },
    "0xf70a-0x20000" : {
      "Text" : "[18;2~",
      "Action" : 10
    },
    "0x35-0x40000" : {
      "Text" : "0x1d",
      "Action" : 11
    },
    "0xf70f-0x20000" : {
      "Text" : "[24;2~",
      "Action" : 10
    },
    "0xf703-0x240000" : {
      "Text" : "[1;5C",
      "Action" : 10
    },
    "0xf701-0x260000" : {
      "Text" : "[1;6B",
      "Action" : 10
    },
    "0xf702-0x280000" : {
      "Text" : "0x1b 0x1b 0x5b 0x44",
      "Action" : 11
    },
    "0xf72b-0x20000" : {
      "Text" : "[1;2F",
      "Action" : 10
    },
    "0x36-0x40000" : {
      "Text" : "0x1e",
      "Action" : 11
    },
    "0xf708-0x20000" : {
      "Text" : "[15;2~",
      "Action" : 10
    },
    "0xf701-0x220000" : {
      "Text" : "[1;2B",
      "Action" : 10
    },
    "0xf70b-0x20000" : {
      "Text" : "[19;2~",
      "Action" : 10
    },
    "0xf702-0x240000" : {
      "Text" : "[1;5D",
      "Action" : 10
    },
    "0xf704-0x20000" : {
      "Text" : "[1;2P",
      "Action" : 10
    }
  },
  "Window Type" : 5,
  "Cursor Boost" : 0,
  "Background Image Location" : "",
  "Blur" : false,
  "Badge Color" : {
    "Red Component" : 1,
    "Color Space" : "Calibrated",
    "Blue Component" : 0,
    "Alpha Component" : 0.5,
    "Green Component" : 0
  },
  "Scrollback Lines" : 1000,
  "Send Code When Idle" : false,
  "Close Sessions On End" : true,
  "Terminal Type" : "xterm-256color",
  "Visual Bell" : true,
  "Flashing Bell" : false,
  "Silence Bell" : false,
  "Ansi 14 Color" : {
    "Green Component" : 0.7019607843137254,
    "Red Component" : 0.207843137254902,
    "Blue Component" : 0.5294117647058824
  },
  "Name" : "New Profile",
  "Cursor Text Color" : {
    "Green Component" : 1,
    "Red Component" : 1,
    "Blue Component" : 1
  },
  "Shortcut" : "",
  "Cursor Color" : {
    "Green Component" : 0.7450980392156863,
    "Red Component" : 0.8980392156862745,
    "Blue Component" : 0.04705882352941176
  },
  "Transparency" : 0,
  "Ansi 1 Color" : {
    "Green Component" : 0.1372549019607843,
    "Red Component" : 0.6588235294117647,
    "Blue Component" : 0.1254901960784314
  },
  "Horizontal Spacing" : 1,
  "Link Color" : {
    "Red Component" : 0.023,
    "Color Space" : "Calibrated",
    "Blue Component" : 0.678,
    "Alpha Component" : 1,
    "Green Component" : 0.27
  },
  "Custom Directory" : "Recycle",
  "Ansi 5 Color" : {
    "Green Component" : 0.1019607843137255,
    "Red Component" : 0.4705882352941176,
    "Blue Component" : 0.6274509803921569
  },